{
  "hash": "6b07783d",
  "configHash": "920af481",
  "lockfileHash": "f293bef1",
  "browserHash": "19623881",
  "optimized": {
    "@angular/common": {
      "src": "../../../../../../node_modules/@angular/common/fesm2022/common.mjs",
      "file": "@angular_common.js",
      "fileHash": "9495f744",
      "needsInterop": false
    },
    "@angular/common/http": {
      "src": "../../../../../../node_modules/@angular/common/fesm2022/http.mjs",
      "file": "@angular_common_http.js",
      "fileHash": "139d9819",
      "needsInterop": false
    },
    "@angular/common/locales/global/pt": {
      "src": "../../../../../../node_modules/@angular/common/locales/global/pt.js",
      "file": "@angular_common_locales_global_pt.js",
      "fileHash": "455d882c",
      "needsInterop": true
    },
    "@angular/core": {
      "src": "../../../../../../node_modules/@angular/core/fesm2022/core.mjs",
      "file": "@angular_core.js",
      "fileHash": "1a042580",
      "needsInterop": false
    },
    "@angular/forms": {
      "src": "../../../../../../node_modules/@angular/forms/fesm2022/forms.mjs",
      "file": "@angular_forms.js",
      "fileHash": "ef0b3a0d",
      "needsInterop": false
    },
    "@angular/platform-browser": {
      "src": "../../../../../../node_modules/@angular/platform-browser/fesm2022/platform-browser.mjs",
      "file": "@angular_platform-browser.js",
      "fileHash": "b46b0661",
      "needsInterop": false
    },
    "@angular/router": {
      "src": "../../../../../../node_modules/@angular/router/fesm2022/router.mjs",
      "file": "@angular_router.js",
      "fileHash": "fb44fb63",
      "needsInterop": false
    },
    "rxjs": {
      "src": "../../../../../../node_modules/rxjs/dist/esm5/index.js",
      "file": "rxjs.js",
      "fileHash": "f6dbd97d",
      "needsInterop": false
    },
    "primeng/toast": {
      "src": "../../../../../../node_modules/primeng/fesm2022/primeng-toast.mjs",
      "file": "primeng_toast.js",
      "fileHash": "5d5100fd",
      "needsInterop": false
    },
    "primeng/api": {
      "src": "../../../../../../node_modules/primeng/fesm2022/primeng-api.mjs",
      "file": "primeng_api.js",
      "fileHash": "67cc7d3b",
      "needsInterop": false
    },
    "primeng/config": {
      "src": "../../../../../../node_modules/primeng/fesm2022/primeng-config.mjs",
      "file": "primeng_config.js",
      "fileHash": "cc631030",
      "needsInterop": false
    },
    "@primeuix/themes/aura": {
      "src": "../../../../../../node_modules/@primeuix/themes/dist/aura/index.mjs",
      "file": "@primeuix_themes_aura.js",
      "fileHash": "72edcf9c",
      "needsInterop": false
    }
  },
  "chunks": {
    "chunk-4BNLCFN7": {
      "file": "chunk-4BNLCFN7.js"
    },
    "chunk-3YLIHGSD": {
      "file": "chunk-3YLIHGSD.js"
    },
    "chunk-QCEQM6AU": {
      "file": "chunk-QCEQM6AU.js"
    },
    "chunk-F3Q772LN": {
      "file": "chunk-F3Q772LN.js"
    },
    "chunk-TQM5CU5Z": {
      "file": "chunk-TQM5CU5Z.js"
    },
    "chunk-HU3CBU3B": {
      "file": "chunk-HU3CBU3B.js"
    },
    "chunk-IU6HWN4Q": {
      "file": "chunk-IU6HWN4Q.js"
    },
    "chunk-RSS3ODKE": {
      "file": "chunk-RSS3ODKE.js"
    },
    "chunk-GOMI4DH3": {
      "file": "chunk-GOMI4DH3.js"
    }
  }
}